id;tc_id;first_name;last_name;birth_date;address;lon;lat;phone;photo;photo_content_type;sex
1;84632826910;Jessyca;Hansen;2020-02-16T10:53:54;radical Auto Loan Account Cotton;63;85;"+900969737418";../fake-data/blob/hipster.png;image/png;Female
2;49553113975;Bernice;Herman;2020-02-15T15:59:24;multi-tasking Intranet;28;57;"+903007872538";../fake-data/blob/hipster.png;image/png;Female
3;63101682318;Karine;Walter;2020-02-15T16:47:03;Alabama olive virtual;-132;49;"+902874797099";../fake-data/blob/hipster.png;image/png;Female
4;52782052489;Gisselle;Rau;2020-02-16T05:03:56;Kentucky collaborative deposit;125;-2;"+904176248360";../fake-data/blob/hipster.png;image/png;Female
5;62620734937;Demarco;Moore;2020-02-16T08:49:16;Human compress Virgin Islands, British;-173;-2;"+902212377146";../fake-data/blob/hipster.png;image/png;Male
6;81829920334;Neva;Lemke;2020-02-16T07:21:25;uniform Books;-19;36;"+904783910829";../fake-data/blob/hipster.png;image/png;Male
7;73011709137;Brenda;Stokes;2020-02-16T08:24:09;generating;-49;-20;"+904602269251";../fake-data/blob/hipster.png;image/png;Male
8;71485817464;Zackery;Wolf;2020-02-16T00:16:21;connect Georgia primary;-89;-28;"+907215921556";../fake-data/blob/hipster.png;image/png;Female
9;15629658536;Theodora;Howell;2020-02-16T15:30:24;Frozen Branding;-97;3;"+907200942510";../fake-data/blob/hipster.png;image/png;Male
10;27807325543;Antonietta;Kovacek;2020-02-16T02:04:44;Vermont;5;33;"+905833417357";../fake-data/blob/hipster.png;image/png;Female
